Chere Ollin,collin0@4shared.com,173.970.013-94,26806-8872,4
Grove Lampert,glampert1@unc.edu,847.834.172-25,94067-2482,9
Bettye McLeary,bmcleary2@wp.com,706.980.412-87,34259-4082,6
Vyky Andreacci,vandreacci3@hao123.com,536.051.315-82,55515-5316,1
Vincent Tritton,vtritton4@is.gd,145.507.147-97,33205-0188,7
Natasha Hurt,nhurt5@webnode.com,749.360.846-28,45089-6112,2
Shane MacEveley,smaceveley6@hhs.gov,856.698.868-63,46082-3674,9
Costa Spillane,cspillane7@wordpress.org,126.284.254-32,59422-7267,10
Ashlin Puckrin,apuckrin8@t-online.de,971.990.703-47,05781-4589,9
Tait Barg,tbarg9@bbc.co.uk,845.357.108-64,14797-2964,8
Josiah Beere,jbeerea@unblog.fr,762.986.645-88,48885-6356,7
Florrie Corday,fcordayb@vistaprint.com,458.065.701-41,58932-9811,9
Coraline Farfalameev,cfarfalameevc@w3.org,587.105.751-51,93106-6594,6
Humfried D'Oyley,hdoyleyd@list-manage.com,767.088.460-42,19096-3737,3
Agathe Paolini,apaolinie@buzzfeed.com,180.212.698-17,03500-2156,8
Friederike Norcross,fnorcrossf@drupal.org,211.606.669-18,13762-5866,10
Harriet Forrest,hforrestg@livejournal.com,750.716.994-18,79143-9647,3
Hedi Grinikhin,hgrinikhinh@marriott.com,818.661.871-72,58055-0856,9
Damita Ramel,drameli@spiegel.de,771.806.713-68,03719-8313,6
Edlin Pea,epeaj@wix.com,092.891.471-87,73947-9522,6
Onfroi Alvin,oalvink@si.edu,409.280.653-61,57303-3119,4
Diane Arbon,darbonl@bbb.org,697.617.831-56,33397-0689,7
Rex Skillern,rskillernm@tiny.cc,370.808.408-09,28271-2145,10
Massimo Hallex,mhallexn@craigslist.org,089.822.505-59,89129-0221,10
Baron Scola,bscolao@51.la,129.857.899-78,72494-0688,5
Tobin Fulmen,tfulmenp@360.cn,478.953.393-47,35034-5286,10
Dee dee Dowe,ddeeq@meetup.com,663.014.491-97,02579-3464,4
Hatti Massingberd,hmassingberdr@ed.gov,098.602.402-65,81165-5779,1
Garald Buffey,gbuffeys@elegantthemes.com,338.831.301-83,05380-7182,9
Stu Bernhart,sbernhartt@wikipedia.org,129.651.322-21,66995-6802,6
Marion Ghelardi,mghelardiu@census.gov,542.737.148-09,45363-1240,7
Corinna Genney,cgenneyv@miitbeian.gov.cn,653.786.407-92,42261-5727,5
Gerrilee Catherick,gcatherickw@intel.com,424.525.127-77,77701-2955,8
Inge Seiler,iseilerx@domainmarket.com,945.997.076-77,27144-6806,5
Finlay Jonuzi,fjonuziy@prweb.com,346.446.056-48,68695-5523,8
Merlina Weinham,mweinhamz@ezinearticles.com,415.109.887-91,17109-8987,3
Manda Mitchelson,mmitchelson10@usda.gov,895.603.592-34,70662-9506,6
Georgy Grent,ggrent11@eventbrite.com,907.450.253-00,04865-9596,5
Gray Piotrowski,gpiotrowski12@google.ca,222.797.543-05,58152-0418,9
Heather Pitney,hpitney13@networkadvertising.org,423.737.361-43,95910-7562,2
Tonia Greenmon,tgreenmon14@yelp.com,023.283.261-25,57893-9119,8
Wilfred Thomelin,wthomelin15@timesonline.co.uk,904.568.950-04,51612-3996,5
Royce Baillie,rbaillie16@google.es,803.234.170-06,37132-9560,5
Rachelle Jiggens,rjiggens17@creativecommons.org,537.264.447-23,43724-2896,10
Ceil Mulberry,cmulberry18@fotki.com,943.354.657-99,71463-4488,6
Olivier Niave,oniave19@hatena.ne.jp,300.385.728-69,35188-8477,1
Harcourt Eyres,heyres1a@paypal.com,171.740.602-11,51381-2984,3
Barry Lowater,blowater1b@freewebs.com,833.412.113-94,46833-1851,7
Georgianne McCambrois,gmccambrois1c@dmoz.org,927.734.711-12,96507-5269,5
Robin Pischof,rpischof1d@ehow.com,573.277.779-88,91495-9508,3
